Components,Webb UI,,,MUI 5,,Has Style Guide Components,Notes,
,Can be likely converted over to,,,No Webb UI equivalent exists as of this audit,,,,
about,,,,,,,,
ui/src/app/components/about/about.jsx,,Typography,,,,,,
application-error,,,,,,,,
ui/src/app/components/application-error/error-container.jsx,,Typography,,,,,,
asn-lookup,,,,,,,,
ui/src/app/components/asn-lookup/asn-lookup.jsx,,Typography,,Skeleton :question_mark:,,,Do we want to keep the skeleton? Or switch to loading text?,
,,LaunchIcon,,,,,I question if the dashboard that uses this component still exists https://network-cluster-qa.deepfield.net/dashboards/asn-lookup,
,,,OpenInNewIcon in webb-ui,,,,,
,,Grid,,,,,,
boundary-config,,,,,,,,
ui/src/app/components/boundary-config/add-button.jsx,,Popover,,,List,,,
,,,,,ListItem,,,
,,,,,ListItemText,,,
ui/src/app/components/boundary-config/boundary-config-page.jsx,,Switch,,,,,,
,,WarningIcon,,,,,,
ui/src/app/components/boundary-config/boundary-dialog.jsx,,Dialog,,,,,ReactColor :question_mark: library?,
,,DialogTitle,,,,,,
,,DialogActions,,,,,,
,,DialogContent,,,,,,
,,Popover,,,,,,
,,InputAdornment,,,,,,
,,Typography,,,,,,
ui/src/app/components/boundary-config/boundary-table.jsx,,EditIcon,,,,,,
,,DeleteIcon,,,,,,
button,,,,,,,,
ui/src/app/components/button/chip-button.jsx,,Button,,,,,Color :question_mark: library?,
compound-charts,,,,,,,,
ui/src/app/components/compound-charts/table-timegraph.jsx,,Modal,,,,,,
,,DialogTitle,,,,,,
,,Typography,,,,,,
,,IconButton,,,,,,
,,CloseIcon,,,,,,
config-rules,,,,,,,,
ui/src/app/components/config-rules/form-components/boundary-select.jsx,,,,,,,,
ui/src/app/components/config-rules/form-components/description.jsx,,Textfield,,,,,,
ui/src/app/components/config-rules/form-components/interface-description.jsx,,,,,,,,
ui/src/app/components/config-rules/form-components/match-type-select.jsx,,,,,,,,
ui/src/app/components/config-rules/form-components/name.jsx,,,,,,,,
ui/src/app/components/config-rules/form-components/order.jsx,,,,,,,,
ui/src/app/components/config-rules/form-components/peer.jsx,,Radio,,,,,,
,,FormControlLabel,,,,,,
,,MenuItem,,,,,,
,,ArrowDropDownIcon,,,,,,
,,InputAdornment,,,,,,
,,FormHelperText,,,,,,
ui/src/app/components/config-rules/form-components/simple-boundary.jsx,,MenuItem,,,,,,
,,InputAdornment,,,,,,
,,ArrowDropDownIcon,,,,,,
ui/src/app/components/config-rules/interface-inspection/form-components/if-type-select.jsx,,,,,,,,
ui/src/app/components/config-rules/interface-inspection/form-components/interface-classification-field.jsx,,Radio,,,,,,
,,FormControlLabel,,,,,,
ui/src/app/components/config-rules/interface-inspection/apply-filters-button.jsx,,,,,,,,
ui/src/app/components/config-rules/interface-inspection/interface-inspection-form.jsx,,,,,,,,
ui/src/app/components/config-rules/interface-inspection/interface-inspection-page.jsx,,,,,,,,
ui/src/app/components/config-rules/interface-inspection/interface-table.jsx,,,,,,,,
ui/src/app/components/config-rules/rule-preview/rule-preview-button.jsx,,,,,,,,
ui/src/app/components/config-rules/rule-preview/rule-preview-search.jsx,,TextField,,,,,,
,,InputAdornment,,,,,,
,,SearchIcon,,,,,,
,,CircularProgress,,,,,,
ui/src/app/components/config-rules/rule-preview/rule-preview.jsx,,Badge,,,,,,
ui/src/app/components/config-rules/config-rule-form.jsx,,Typography,,,,,,
ui/src/app/components/config-rules/config-rules-edit-page.jsx,,Typography,,,,,,
ui/src/app/components/config-rules/config-rules-list-page.jsx,,Popover,,,List,,,
,,,,,ListItem,,,
,,,,,ListItemText,,,
ui/src/app/components/config-rules/config-rules-table.jsx,,EditIcon,,,List,,,
,,DeleteIcon,,,ListItem,,,
,,MoreVertIcon,,,ListItemText,,,
,,Popover,,,,,,
ui/src/app/components/config-rules/conflict-popover.jsx,,Popover,,,,,,
,,Typography,,,,,,
,,OpenInNewIcon,,,,,,
ui/src/app/components/config-rules/execution-button.jsx,,LaunchIcon,,,,,,
ui/src/app/components/config-rules/interface-summary.jsx,,LaunchIcon,,,,,,
,,ChevronRight,,,,,,
,,Grid,,,,,,
ui/src/app/components/config-rules/order-widget.jsx,,Textfield,,,,,,
,,grey,,,,,,
,,ArrowDropUpIcon,,,,,,
,,ArrowDropDownIcon,,,,,,
ui/src/app/components/config-rules/rule-popover.jsx,,Popover,,,,,,
,,OpenInNewIcon,,,,,,
ui/src/app/components/config-rules/summary-card.jsx,,Card,,,,,,
,,CardContent,,,,,,
,,CardActions,,,,,,
,,Typography,,,,,,
connectors,,,,,,,,
ui/src/app/components/connectors/router/expandable-forms/bgp/bgp-direct-peer-form.jsx,,TextField,,,,,,
,,Checkbox,,,,,,
,,FormControlLabel,,,,,,
,,FormControl,,,,,,
,,FormLabel,,,,,,
,,RadioGroup,,,,,,
,,FormGroup,,,,,,
,,Radio,,,,,,
ui/src/app/components/connectors/router/expandable-forms/bgp/bgp-form.jsx,,Typography,,,,,,
ui/src/app/components/connectors/router/expandable-forms/bgp/bgp-inherit-form.jsx,,FormLabel,,,,,,
ui/src/app/components/connectors/router/expandable-forms/bgp/bgp-session-status.jsx,,Grey,,,,,,
,,Red,,,,,,
,,Green,,,,,,
,,CancelIcon,,,,,,
,,CheckCircleIcon,,,,,,
ui/src/app/components/connectors/router/expandable-forms/flow/flow-form.jsx,,Typography,,,,,,
,,FormControl,,,,,,
,,FormLabel,,,,,,
,,FormControlLabel,,,,,,
,,RadioGroup,,,,,,
,,Radio,,,,,,
ui/src/app/components/connectors/router/expandable-forms/network-firewall/network-firewall-form.jsx,,TextField,,,,,,
ui/src/app/components/connectors/router/expandable-forms/snmp/snmp-form.jsx,,Typography,,,,,,
,,TextField,,,,,,
,,FormControl,,,,,,
,,FormControlLabel,,,,,,
,,FormLabel,,,,,,
,,FormGroup,,,,,,
,,RadioGroup,,,,,,
,,Radio,,,,,,
,,MenuItem,,,,,,
ui/src/app/components/connectors/router/expandable-forms/spm/spm-form.tsx,,Box,,,WithStyles,,WithStyles :question_mark:,
,,Typography,,,,,,
,,TextField,,,,,,
,,FormControl,,,,,,
,,FormLabel,,,,,,
,,MenuItem,,,,,,
,,InputAdornment,,,,,,
ui/src/app/components/connectors/router/expandable-forms/expandable-form-section.jsx,,ExpandMoreIcon,,,Accordion,,,
,,,,,AccordionSummary,,,
,,,,,AccordionDetails,,,
ui/src/app/components/connectors/router/expandable-forms/form-title.jsx,,Typography,,,,,,
,,ErrorOutlineIcon,,,,,,
ui/src/app/components/connectors/router/expandable-forms/ip-same-as-loopback.jsx,,Checkbox,,,,,,
,,FormControlLabel,,,,,,
,,RadioGroup,,,,,,
,,Radio,,,,,,
ui/src/app/components/connectors/router/geoip/city-auto-suggest.jsx,,,,,,,,
ui/src/app/components/connectors/router/geoip/geoip-form.jsx,,FormControl,,,,,,
,,FormLabel,,,,,,
ui/src/app/components/connectors/router/geoip/geoip-world-map.jsx,,,,,,,,
ui/src/app/components/connectors/router/sidebar/router-capabilities/checkbox-has-bgp.tsx,,Checkbox,,,,,,
,,FormControlLabel,,,,,,
,,RadioGroup,,,,,,
,,Radio,,,,,,
ui/src/app/components/connectors/router/sidebar/router-capabilities/checkbox-has-flow.tsx,,Checkbox,,,,,,
,,FormControlLabel,,,,,,
ui/src/app/components/connectors/router/sidebar/router-capabilities/checkbox-has-network-firewall.tsx,,Checkbox,,,,,,
,,FormControlLabel,,,,,,
ui/src/app/components/connectors/router/sidebar/router-capabilities/checkbox-has-snmp.tsx,,Checkbox,,,,,,
,,FormControlLabel,,,,,,
ui/src/app/components/connectors/router/sidebar/router-capabilities/checkbox-has-spm.tsx,,Checkbox,,,,,,
,,FormControlLabel,,,,,,
ui/src/app/components/connectors/router/sidebar/router-capabilities/router-capabilities.tsx,,FormLabel,,,,,,
,,FormControl,,,,,,
,,FormGroup,,,,,,
ui/src/app/components/connectors/router/sidebar/description.jsx,,TextField,,,,,,
ui/src/app/components/connectors/router/sidebar/loopback-ip-v4.jsx,,,,,,,,
ui/src/app/components/connectors/router/sidebar/loopback-ip-v6.jsx,,,,,,,,
ui/src/app/components/connectors/router/sidebar/name.jsx,,,,,,,,
ui/src/app/components/connectors/router/sidebar/name.jsx,,,,,,,,
ui/src/app/components/connectors/router/sidebar/select-vendor.tsx,,,,,,,,
ui/src/app/components/connectors/router/sidebar/shared.mjs,,FormControl,,,,,,
ui/src/app/components/connectors/router/sidebar/sidebar-form.tsx,,Button,,,,,,
,,ConfirmationModal :question_mark:,,,,,,
ui/src/app/components/connectors/router/router-page.jsx,,PageTitle :question_mark: (Typography),,,,,,
cube-visualizations,,,,,,,,
ui/src/app/components/cube-visualizations/cube-table/cube-grouped-table-head.jsx,,,,,TableCell,,,Imports the table components from MUI rather than using the style guide table
,,,,,TableHead,,,
,,,,,TableRow,,,
,,,,,TableSortLabel,,,
ui/src/app/components/cube-visualizations/cube-table/cube-table-head.jsx,,,,,TableCell,,,Same as above
,,,,,TableHead,,,
,,,,,TableRow,,,
,,,,,TableSortLabel,,,
ui/src/app/components/cube-visualizations/cube-table/cube-table-utils.jsx,,,,,,,,
ui/src/app/components/cube-visualizations/cube-table/cube-table.jsx,,Grey,,,TableCell,,,
,,,,,TableHead,,,
,,,,,TableRow,,,
,,,,,TableSortLabel,,,
ui/src/app/components/cube-visualizations/cube-column-chart.jsx,,,,,,,,
ui/src/app/components/cube-visualizations/cube-cubism-diagram.jsx,,,,,,,,
ui/src/app/components/cube-visualizations/cube-donut.jsx,,deepPurple,,,,,,
,,blue,,,,,,
,,teal,,,,,,
,,red,,,,,,
,,pink,,,,,,
ui/src/app/components/cube-visualizations/cube-matrix.jsx,,,,,,,,
ui/src/app/components/cube-visualizations/cube-parallel-sets-diagram.tsx,,,,,,,,
ui/src/app/components/cube-visualizations/cube-percentage-table.tsx,,Typography,,,,,,
ui/src/app/components/cube-visualizations/cube-pie-chart.tsx,,,,,,,,
ui/src/app/components/cube-visualizations/cube-sankey-diagram.jsx,,,,,,,,
ui/src/app/components/cube-visualizations/cube-scatter-plot.jsx,,,,,,,,
ui/src/app/components/cube-visualizations/cube-solid-gauge-chart.jsx,,,,,,,,
ui/src/app/components/cube-visualizations/cube-sunburst.jsx,,,,,,,,
ui/src/app/components/cube-visualizations/cube-time-chart-stacked.jsx,,,,,,,,
ui/src/app/components/cube-visualizations/cube-time-chart.jsx,,,,,,,,
ui/src/app/components/cube-visualizations/cube-treemap.jsx,,,,,,,,
dashboard,,,,,,,,
ui/src/app/components/dashboard/controls/dimension-select-control.jsx,,withStyles,,,,,,
,,MenuItem,,,,,,
,,TextField,,,,,,
ui/src/app/components/dashboard/controls/dimensions-control.jsx,,withStyles,,,List,,,
,,Checkbox,,,ListItem,,,
,,Typography,,,ListItemText,,,
ui/src/app/components/dashboard/controls/filter-control.jsx,,,,,,,,
ui/src/app/components/dashboard/controls/filter-control.jsx,,url?? :question_mark:,,,,,,
,,ToggleButtonGroup,,,,,,
,,ToggleButtton :question_mark:,,,,,,
ui/src/app/components/dashboard/controls/slice-control.jsx,,withStyles,,,List,,,
,,red,,,ListItem,,,
,,Popover,,,ListItemText,,,
,,FormControlLabel,,,,,,
,,Checkbox,,,,,,
,,InputLabel,,,,,,
,,TextField,,,,,,
,,ClearIcon,,,,,,
,,ArrowForward,,,,,,
,,ArrowDropDownIcon,,,,,,
ui/src/app/components/dashboard/controls/time-range-control.jsx,,withStyles,,,,,,
,,MenuItem,,,,,,
,,TextField,,,,,,
,,InputLabel,,,,,,
ui/src/app/components/dashboard/visualizations/dashboard-bubble-map.jsx,,,,,,,,
ui/src/app/components/dashboard/visualizations/dashboard-multi-stat.jsx,,,,,,,,
ui/src/app/components/dashboard/visualizations/dashboard-region-map-table.jsx,,orange,,,,,,
,,WarningIcon,,,,,,
ui/src/app/components/dashboard/visualizations/dashboard-region-map.jsx,,grey,,,,,,
,,Breadcrumbs,,,,,,
,,Typography,,,,,,
,,ToggleButtonGroup,,,,,,
ui/src/app/components/dashboard/visualizations/dashboard-stat.jsx,,,,,,,,
ui/src/app/components/dashboard/warnings/warning-list.jsx,,,,,,,,
ui/src/app/components/dashboard/content.jsx,,Box,,,,,,
,,Typography,,,,,,
,,Grid,,,,,,
,,withStyles,,,,,,
ui/src/app/components/dashboard/control.jsx,,Accordion,,,,,,
,,AccordionSummary,,,,,,
,,AccordionDetails,,,,,,
,,withStyles,,,,,,
,,Typography,,,,,,
,,AccessTimeIcon,,,,,,
,,FilterListIcon,,,,,,
,,ExpandMoreIcon,,,,,,
,,ErrorIcon,,,,,,
ui/src/app/components/dashboard/dashboard-breadcrumbs.jsx,,,,,,,,
ui/src/app/components/dashboard/dashboard-display.jsx,,OpenInNewIcon,,,,,,
ui/src/app/components/dashboard/dashboard-refresh-cache-controls.jsx,,,,,,,,
ui/src/app/components/dashboard/dashboard-section.jsx,,Grid,,,,,,
ui/src/app/components/dashboard/dashboard-sidebar-theme.jsx,,withStyles,,,,,,
,,createTheme,,,,,,
,,MuiThemeProvider :question_mark:,,,,,,
,,Button,,,,,,
,,blue,,,,,,
,,green,,,,,,
,,red,,,,,,
ui/src/app/components/dashboard/dashboard-sub-header.jsx,,Typography,,,,,,
,,Grid,,,,,,
ui/src/app/components/dashboard/drill-menu.jsx,,Menu,,,ListSubheader,,,
,,MenuItem,,,ListItemText,,,
ui/src/app/components/dashboard/experimental-label.jsx,,amber,,,,,,
ui/src/app/components/dashboard/more-menu.jsx,,MenuIcon,,,List,,,
,,DownloadIcon,,,ListItem,,,
,,EditIcon,,,,,,
,,HomeIcon,,,,,,
,,HomeOutlinedIcon,,,,,,
,,ToggleOffIcon,,,,,,
,,ToggleOnIcon,,,,,,
,,Popover,,,,,,
,,Paper,,,,,,
,,Button :question_mark: style guide,,,,,,
ui/src/app/components/dashboard/sidebar.jsx,,blue,,,,,,
,,withStyles,,,,,,
,,ChevronLeft,,,,,,
,,MenuIcon,,,,,,
,,PlayArrowIcon,,,,,,
dashboard-editor,,,,,,,,
ui/src/app/components/dashboard-editor/control-editor.jsx,,AddCircleIcon,,,,,,
,,Dropdown button :question_mark:,,,,,,
ui/src/app/components/dashboard-editor/editor-breadcrumbs.jsx,,,,,,,,
ui/src/app/components/dashboard-editor/editor-sidebar.jsx,,,,,,,,
ui/src/app/components/dashboard-editor/editor-topbar.jsx,,Popover,,,List,,,
,,ListItemIcon,,,ListItem,,,
,,Input,,,ListItemText,,,
,,MoreIcon,,,,,,
,,SaveIcon,,,,,,
,,OpenIcon,,,,,,
,,DuplicateIcon,,,,,,
,,ImportIcon,,,,,,
,,ExportIcon,,,,,,
,,DeleteIcon,,,,,,
,,WarningIcon,,,,,,
ui/src/app/components/dashboard-editor/labels-selector.jsx,,Typography,,,,,,
ui/src/app/components/dashboard-editor/permissions-selector.jsx,,Popover,,,List,,,
,,,,,ListItem,,,
,,,,,ListItemText,,,
ui/src/app/components/dashboard-editor/query-editor.jsx,,DeleteIcon,,,,,,
ui/src/app/components/dashboard-editor/schema-error-list.jsx,,ListItemIcon,,,ListItem,,,
,,WarningIcon,,,ListItemText,,,
,,Card,,,,,,
ui/src/app/components/dashboard-editor/section-editor.jsx,,AddCircleIcon,,,,,,
,,TextField,,,,,,
,,MenuItem,,,,,,
ui/src/app/components/dashboard-editor/settings-editor.jsx,,,,,,,,
ui/src/app/components/dashboard-editor/visible-toggle.jsx,,Typography,,,,,,
,,Switch,,,,,,
,,FormControlLabel,,,,,,
dashboards-list,,,,,,,,
ui/src/app/components/dashboards-list/dashboards-list-card-actions.jsx,,IconButton,,,,,,
,,StartBorderIcon,,,,,,
,,StarIcon,,,,,,
ui/src/app/components/dashboards-list/dashboards-list-card-options-menu.jsx,,IconButton,,,List,,,
,,MoreVertIcon,,,ListItem,,,
,,EditIcon,,,ListItemText,,,
,,HomeIcon,,,,,,
,,HomeOutlinedIcon,,,,,,
,,ToggleOffIcon,,,,,,
,,ToggleOnIcon,,,,,,
,,Popover,,,,,,
,,Paper,,,,,,
,,ListItemIcon,,,,,,
ui/src/app/components/dashboards-list/dashboards-list-card.jsx,,NotInterestedIcon :question_mark:,,,Grid,,,
,,HomeIcon,,,,,,
,,HomeOutlinedIcon,,,,,,
ui/src/app/components/dashboards-list/dashboards-list-cards-recents.jsx,,ExpandMoreIcon,,,Grid,,,
,,SecondaryButton :question_mark:,,,,,,
ui/src/app/components/dashboards-list/dashboards-list-cards.jsx,,,,,Grid,,,
ui/src/app/components/dashboards-list/dashboards-list-constants.jsx,,grey,,,,,,
,,red,,,,,,
,,lightBlue,,,,,,
,,orange,,,,,,
ui/src/app/components/dashboards-list/dashboards-list-empty-state.jsx,,grey,,,Grid,,,
,,Typography,,,,,,
,,PrimaryButton :question_mark:,,,,,,
ui/src/app/components/dashboards-list/dashboards-list-loading-state.jsx,,,,,Skeleton,,,
,,,,,Grid,,,
ui/src/app/components/dashboards-list/dashboards-list-page-controls.jsx,,SearchIcon,,,,,,
,,BackspaceIcon,,,,,,
,,InputBase,,,,,,
,,IconButton,,,,,,
,,InputAdornment,,,,,,
ui/src/app/components/dashboards-list/dashboards-list-page.jsx,,,,,,,,
ui/src/app/components/dashboards-list/dashboards-list-sidebar.jsx,,withStyles,,,List,,,
,,StarBorderIcon,,,ListItem,,,
,,AccessTimeIcon,,,,,,
,,NotInterestedIcon,,,,,,
,,ReportIcon,,,,,,
data-view,,,,,,,,
,,,,,,,,
defender,,,,,,,,
ui/src/app/components/defender/configuration/device-groups/device-groups-modal/form-settings/dms-offramp/fields/loopback-ip-input.jsx,,FormLabel,,,,,,
ui/src/app/components/defender/configuration/device-groups/device-groups-modal/form-settings/dms-offramp/default-offramp-drop-down.jsx,,Box,,,,,,
,,FormLabel,,,,,,
ui/src/app/components/defender/configuration/device-groups/device-groups-modal/form-settings/dms-offramp/default-offramp-settings.jsx,,Box,,,,,,
ui/src/app/components/defender/configuration/device-groups/device-groups-modal/form-settings/dms-offramp/default-offramp-settings-content.jsx,,Box,,,withStyles,,"withStyles here can be replaced with Boxs sx props, since it is only used to style this component",
ui/src/app/components/defender/configuration/device-groups/device-groups-modal/form-settings/device-groups-description-input.jsx,,FormLabel,,,,,,
ui/src/app/components/defender/configuration/device-groups/device-groups-modal/form-settings/device-groups-name-input.jsx,,FormLabel,,,,,,
ui/src/app/components/defender/configuration/device-groups/device-groups-modal/form-settings/device-groups-transfer-list.jsx,,Box,,,ListSubheader,,,
,,FormLabel,,,,,,
ui/src/app/components/defender/configuration/device-groups/device-groups-modal/form-settings/group-settings.jsx,,Box,,,Grid,,withStyles here can be replaced with Boxs and Grids sx props.,
,,,,,withStyles,,,
ui/src/app/components/defender/configuration/device-groups/device-groups-modal/form-settings/section-heading.jsx,,Box,,,,,,
,,Typography,,,,,,
ui/src/app/components/defender/configuration/device-groups/device-groups-modal/device-groups-form.jsx,,Paper,,,,,"Maybe Paper import is not needed here, since @webb-uis Dialog component consists from @muis Dialog components and Paper.
Also, I believe the component can be refactored to use only @webb-uis composition Dialog components.",
,,Dialog.Root (now Dialog),,,,,,
ui/src/app/components/defender/configuration/device-groups/device-groups-modal/device-groups-form-actions.jsx,,Box,,,,,,
ui/src/app/components/defender/configuration/device-groups/device-groups-bgp-flowspec-table.jsx,,Box,,,,,,
ui/src/app/components/defender/configuration/device-groups/device-groups-dropdown-menu.jsx,,AddIcon (now Add),,,,,,
ui/src/app/components/defender/configuration/device-groups/device-groups-network-edge-table.jsx,,Box,,,,,,
ui/src/app/components/defender/configuration/device-groups/device-groups-page.jsx,-,,,-,,,,
ui/src/app/components/defender/configuration/device-groups/device-groups-table.jsx,,Box,,,,,,
,,Typography,,,,,,
ui/src/app/components/defender/configuration/device-groups/device-groups-third-party-table.jsx,,Box,,,,,,
ui/src/app/components/defender/configuration/device-groups/row-icons.jsx,,EditIcon,,,,,,
,,DeleteIcon,,,,,,
ui/src/app/components/defender/configuration/form-components/boundary.jsx,-,,,-,,,,
ui/src/app/components/defender/configuration/form-components/description.jsx,-,,,-,,,,
ui/src/app/components/defender/configuration/form-components/dimension-and-positions.jsx,,theme (now grey & red),,,,,Use theme.palette.grey[xxx] for grey & theme.palette.error[xxx] for red,
,,Typography,,,,,,
,,Paper,,,,,,
ui/src/app/components/defender/configuration/form-components/name.jsx,-,,,-,,,,
ui/src/app/components/defender/configuration/form-components/rulesets.jsx,,,,,ArrowForward (now ArrowIcon),,,
ui/src/app/components/defender/configuration/form-components/spm.jsx,,Box,,,,,,
,,SwitchField (now FormControlLabel & Switch),,,,,,
,,Typography,,,,,,
ui/src/app/components/defender/configuration/manual-ddos-classification/ratio-rulesets/form-items/minimum-flow-threshold.jsx,,,,,Grid,,,
ui/src/app/components/defender/configuration/manual-ddos-classification/ratio-rulesets/form-items/ratio.jsx,-,,,-,,,,
ui/src/app/components/defender/configuration/manual-ddos-classification/ratio-rulesets/ratio-rulesets-display.jsx,,DeleteIcon,,,,,,
,,EditIcon,,,,,,
,,VisibilityIcon (now EyeIcon),,,,,,
ui/src/app/components/defender/configuration/manual-ddos-classification/ratio-rulesets/ratio-rulesets-form.jsx,,theme (now grey),,,,,Use theme.palette.grey[xxx],
,,Typography,,,,,,
ui/src/app/components/defender/configuration/manual-ddos-classification/ratio-rulesets/ratio-rulesets-modal.jsx,,Dialog.Body (now DialogContent),,,,,,
,,Dialog.Footer (now DialogActions),,,,,,
ui/src/app/components/defender/configuration/manual-ddos-classification/rules/form-items/cloud-genome-allowlist-checkbox.jsx,,CheckboxField (now FormControlLabel & Checkbox),,,,,,
ui/src/app/components/defender/configuration/manual-ddos-classification/rules/form-items/port.jsx,,DropdownMenu.Item (now MenuItem),,,,,,
,,Typography,,,,,,
ui/src/app/components/defender/configuration/manual-ddos-classification/rules/form-items/tcp_flags.jsx,,"CheckboxField (now FormControl, FormControlLabel & Checkbox)",,,,,,
,,DropdownMenu.Item (now MenuItem),,,,,,
ui/src/app/components/defender/configuration/manual-ddos-classification/rules/rule-form.jsx,,Box,,,,,Use theme.palette.grey[xxx],
,,theme (now grey),,,,,,
,,Typography,,,,,,
ui/src/app/components/defender/configuration/manual-ddos-classification/rules/rule-modal.jsx,,Dialog.Body (now DialogContent),,,,,,
,,Dialog.Footer (now DialogActions),,,,,,
ui/src/app/components/defender/configuration/manual-ddos-classification/rules/rules-display.jsx,,DeleteIcon,,,,,,
,,EditIcon,,,,,,
,,FileCopyIcon (now DuplicateIcon),,,,,,
,,VisibilityIcon (now EyeIcon),,,,,,
ui/src/app/components/defender/configuration/manual-ddos-classification/shared/form-items/description.jsx,-,,,-,,,,
ui/src/app/components/defender/configuration/manual-ddos-classification/shared/form-items/name.jsx,-,,,-,,,,
ui/src/app/components/defender/configuration/manual-ddos-classification/shared/form-items/threshold-selection.jsx,,,,,Grid,,,
ui/src/app/components/defender/configuration/manual-ddos-classification/shared/delete-confirmation-modal.jsx,-,,,-,,,,
ui/src/app/components/defender/configuration/manual-ddos-classification/shared/rule-select.jsx,-,,,-,,,,
ui/src/app/components/defender/configuration/manual-ddos-classification/threshold-rulesets/threshold-ruleset-form.jsx,,CheckboxField (now FormControlLabel and Checkbox),,,,,,
,,Dialog.Body (now DialogContent),,,,,,
,,Dialog.Footer (now DialogActions),,,,,,
ui/src/app/components/defender/configuration/manual-ddos-classification/threshold-rulesets/threshold-rulesets-display.jsx,,DeleteIcon,,,,,,
,,EditIcon,,,,,,
,,VisibilityIcon (now EyeIcon),,,,,,
ui/src/app/components/defender/configuration/manual-ddos-classification/manual-ddos-classification-page.jsx,-,,,-,,,,
ui/src/app/components/defender/configuration/mitigation-templates/form-components/auto-mitigation-description.jsx,,,,,Grid,,,
ui/src/app/components/defender/configuration/mitigation-templates/form-components/connectors-dropdown.jsx,-,,,-,,,,
ui/src/app/components/defender/configuration/mitigation-templates/mssp-access/all-organizations-toggle.tsx,,Box,,,,,,
ui/src/app/components/defender/configuration/mitigation-templates/mssp-access/empty-state.tsx,,theme (now grey),,,withStyles,,Use theme.palette.grey[xxx],
,,Typography,,,,,,
ui/src/app/components/defender/configuration/mitigation-templates/mssp-access/form-actions.tsx,,Box,,,,,,
ui/src/app/components/defender/configuration/mitigation-templates/mssp-access/mssp-access-form.tsx,,Box,,,,,,
,,Dialog.Body (now DialogContent),,,,,,
,,Typography,,,,,,
ui/src/app/components/defender/configuration/mitigation-templates/mssp-access/mssp-organizations-table.tsx,,Box,,,,,,
,,OpenInNewIcon,,,,,,
ui/src/app/components/defender/configuration/mitigation-templates/mssp-access/selected-count.tsx,,Typography,,,,,,
ui/src/app/components/defender/configuration/mitigation-templates/mitigation-template-list-page.jsx,,Box,,,,,,
,,Typography,,,,,,
ui/src/app/components/defender/configuration/mitigation-templates/template-actions-menu.tsx,,DeleteIcon,,,withStyles,,,
,,"DropdownMenu.Root (now ClickAwayListener, MenuList, Paper & Popper)",,,LockOpen (now LockOpenIcon),,,
,,DropdownMenu.Item (now MenuItem & ListItemIcon),,,,,,
,,EditIcon,,,,,,
,,MoreVerticalIcon (now MoreVertIcon),,,,,,
,,Typography,,,,,,
ui/src/app/components/defender/configuration/mitigation-templates/validated-simple-menu.jsx,,DropdownMenu.Item,,,ArrowDropDown (now ArrowDropDownIcon),,,
,,,,,InputAdornment,,,
ui/src/app/components/defender/configuration/policy-thresholds/policy-threshold-actions.jsx,,DeleteIcon,,,,,,
,,EditIcon,,,,,,
,,IconButton,,,,,,
,,SwitchField (now Switch),,,,,,
ui/src/app/components/defender/configuration/policy-thresholds/policy-threshold-expand-button.jsx,,IconButton,,,KeyboardArrowDown (now KeyboardArrowDownIcon),,,
ui/src/app/components/defender/configuration/policy-thresholds/policy-threshold-list.jsx,,Typography,,,,,,
ui/src/app/components/defender/configuration/policy-thresholds/policy-threshold-list-item.jsx,,theme (now grey),,,Collapse (now MuiCollapse),,Use theme.palette.grey[xxx],
,,,,,ErrorOutline (now ErrorOutlineIcon),,,
ui/src/app/components/defender/configuration/policy-thresholds/policy-threshold-reaction-summary.jsx,,Box,,,,,,
,,Typography,,,,,,
ui/src/app/components/defender/configuration/policy-thresholds/policy-threshold-summary.tsx,,Typography,,,FlashOn,,,
ui/src/app/components/defender/configuration/policy-thresholds/policy-thresholds.jsx,,Typography,,,,,,
ui/src/app/components/defender/configuration/threshold-reaction-builder/forms/threshold-reaction-builder-reaction-type-picker.jsx,,theme (now grey),,,List,,Use theme.palette.grey[xxx],
,,,,,ListItem,,,
,,,,,ListItemText,,,
ui/src/app/components/defender/configuration/threshold-reaction-builder/forms/threshold-reaction-builder-threshold.jsx,,"CheckboxField (now FormControlLabel, FormHelperText & Checkbox)",,,FlashOn (now FlashOnIcon),,,
,,DropdownMenu.Item (now MenuItem),,,ErrorOutline (now ErrorOutlineIcon),,,
,,Typography,,,,,,
ui/src/app/components/defender/configuration/threshold-reaction-builder/forms/threshold-reaction-form-auto-mitigation.jsx,,Box,,,,,,
ui/src/app/components/defender/configuration/threshold-reaction-builder/forms/threshold-reaction-form-auto-mitigation.spec.jsx,-,,,-,,,,
ui/src/app/components/defender/configuration/threshold-reaction-builder/forms/threshold-reaction-form-list-item.jsx,,theme (now grey),,,ListItem,,Use theme.palette.grey[xxx],
ui/src/app/components/defender/configuration/threshold-reaction-builder/forms/threshold-reaction-form-new-reaction.jsx,,,,,ArrowForward (now ArrowIcon),,,
ui/src/app/components/defender/configuration/threshold-reaction-builder/forms/threshold-reaction-form-notification.jsx,,Dialog.Root (now Dialog),,,Email (now EmailIcon),,,
,,,,,Slide,,,
ui/src/app/components/defender/configuration/threshold-reaction-builder/forms/threshold-reaction-form-notification.spec.jsx,-,,,-,,,,
ui/src/app/components/defender/configuration/threshold-reaction-builder/threshold-reaction-builder-item.jsx,,Button,,,Accordion,,Use theme.palette.grey[xxx],
,,DeleteIcon,,,AccordionSummary,,,
,,theme (now grey),,,AccordionDetails,,,
,,Typography,,,KeyboardArrowDown,,,
,,,,,Collapse,,,
ui/src/app/components/defender/configuration/threshold-reaction-builder/threshold-reaction-builder-modal.jsx,,Dialog,,,Fade,,,
ui/src/app/components/defender/configuration/threshold-reaction-builder/threshold-reaction-builder-shared.jsx,,theme (now red),,,,,Use theme.palette.error[xxx],
,,Typography,,,,,,
ui/src/app/components/defender/configuration/timechart/policy-timechart.jsx,,Typography,,,,,,
ui/src/app/components/defender/configuration/timechart/policy-timechart-controls.jsx,-,,,-,,,,
ui/src/app/components/defender/configuration/add-policy-modal.jsx,,Dialog,,,,,,
,,Paper,,,,,,
ui/src/app/components/defender/configuration/ddos-control.jsx,,,,,ToggleButtonGroup,,,
,,,,,ToggleButton,,,
ui/src/app/components/defender/configuration/dimension-button.jsx,-,,,-,,,,
ui/src/app/components/defender/configuration/policy-list-page.jsx,-,,,-,,,,
ui/src/app/components/defender/configuration/policy-page.jsx,-,,,-,,,,
ui/src/app/components/defender/configuration/policy-page.spec.tsx,-,,,-,,,,
ui/src/app/components/defender/configuration/policy-sidebar.jsx,,theme (now grey),,,,,Use theme.palette.grey[xxx],
,,Typography,,,,,,
ui/src/app/components/defender/configuration/policy-sidebar.spec.tsx,-,,,-,,,,
ui/src/app/components/defender/configuration/policy-table.jsx,,EditIcon,,,,,,
,,DeleteIcon,,,,,,
,,SwitchField (now Switch),,,,,,
ui/src/app/components/defender/configuration/positions-select-drawer.jsx,,Drawer,,,,,,
,,Typography,,,,,,
ui/src/app/components/defender/configuration/positions-select-drawer.spec.jsx,-,,,-,,,,
ui/src/app/components/defender/consoles/event/event-characteristics/controls.jsx,,,,,Grid,,,
,,,,,withStyles,,,
ui/src/app/components/defender/consoles/event/event-characteristics/event-characteristics-tab.jsx,,Box,,,Grid,,,
,,,,,withStyles,,,
ui/src/app/components/defender/consoles/event/event-details/event-mitigation-list/mitigation-actions.jsx,,MoreVerticalIcon (now MoreVertIcon),,,,,,
ui/src/app/components/defender/consoles/event/event-details/event-mitigation-list/mitigation-list-card.jsx,,Box,,,Accordion,,,
,,Typography,,,AccordionDetails,,,
,,,,,AccordionSummary,,,
,,,,,Grid,,,
,,,,,withStyles,,,
,,,,,ExpandMore (now ExpandMoreIcon),,,
ui/src/app/components/defender/consoles/event/event-details/event-overview/event-overview.jsx,,Typography,,,Grid,,,
ui/src/app/components/defender/consoles/event/event-details/event-traffic/event-traffic-display.jsx,,Box,,,,,Use theme.palette.error[xxx],
,,theme (now red),,,,,,
ui/src/app/components/defender/consoles/event/event-details/event-traffic/event-traffic-timechart.jsx,,Box,,,StopTwoTone,,,
ui/src/app/components/defender/consoles/event/event-details/event-traffic/series-labels.jsx,,Box,,,Grid,,,
ui/src/app/components/defender/consoles/event/event-details/event-vectors/event-vectors.jsx,-,,,-,,,,
ui/src/app/components/defender/consoles/event/event-details/event-console-details.jsx,,,,,Grid,,,
ui/src/app/components/defender/consoles/event/event-details/event-details-helpers.mjs,-,,,-,,,,
ui/src/app/components/defender/consoles/event/event-timeline/event-timeline-table.jsx,,Box,,,ErrorOutline,,,
,,IconButton,,,,,,
,,FilterListIcon (now FilterList),,,,,,
ui/src/app/components/defender/consoles/event/event-timeline/event-timeline-table.spec.jsx,-,,,-,,,,
ui/src/app/components/defender/consoles/event/event-timeline/filter-menu.jsx,,Popover,,,,,,
,,RadioField (now FormControlLabel & Radio),,,,,,
ui/src/app/components/defender/consoles/event/event-timeline/genome-tag-cell.jsx,,Box,,,withStyles,,,
ui/src/app/components/defender/consoles/event/event-breadcrumbs.tsx,-,,,-,,,,
ui/src/app/components/defender/consoles/event/event-console-page.jsx,,Box,,,,,,
ui/src/app/components/defender/consoles/event/event-console-page.spec.jsx,-,,,-,,,,
ui/src/app/components/defender/consoles/event/event-console-tabs.jsx,,Box,,,Grid,,,
ui/src/app/components/defender/consoles/event/refresh-cache-button-event-console.jsx,-,,,-,,,,
ui/src/app/components/defender/consoles/events-summary/ddos-traffic/boundary-picker.jsx,-,,,-,,,,
ui/src/app/components/defender/consoles/events-summary/ddos-traffic/ddos-traffic-line-chart.jsx,,Box,,,makeStyles,,,
ui/src/app/components/defender/consoles/events-summary/events-table/events-table.jsx,,Box,,,,,,
,,ThemeProvider (now (MuiThemeProvider),,,,,,
ui/src/app/components/defender/consoles/events-summary/defender-events-summary-console-theme.jsx,-,,,-,,,,
ui/src/app/components/defender/consoles/events-summary/events-summary-console-page.jsx,,,,,Grid,,,
ui/src/app/components/defender/consoles/protected-object-console/all-details/all-details.tsx,,,,,Grid,,,
ui/src/app/components/defender/consoles/protected-object-console/analytics/analytics-tab.jsx,,,,,Grid,,,
ui/src/app/components/defender/consoles/protected-object-console/analytics/controls.jsx,,,,,Grid,,,
,,,,,withStyles,,,
ui/src/app/components/defender/consoles/protected-object-console/ddos/events-table/events-table.jsx,,Box,,,,,,
,,ThemeProvider (now (MuiThemeProvider),,,,,,
ui/src/app/components/defender/consoles/protected-object-console/ddos/events-table/theme.jsx,-,,,-,,,,
ui/src/app/components/defender/consoles/protected-object-console/ddos/good-bad-traffic-graph/ddos-good-bad-traffic-chart.jsx,,Box,,,makeStyles,,,
,,,,,StopTwoTone,,,
ui/src/app/components/defender/consoles/protected-object-console/ddos/ddos-content.jsx,,,,,Grid,,,
ui/src/app/components/defender/consoles/protected-object-console/errors/inline-error-indicator.jsx,,,,,ErrorOutline,,,
ui/src/app/components/defender/consoles/protected-object-console/page-controls/constants.ts,,StopIcon,,,PlayArrow (now PlayArrowIcon),,,
ui/src/app/components/defender/consoles/protected-object-console/page-controls/event-control-button.jsx,,,,,withStyles,,,
ui/src/app/components/defender/consoles/protected-object-console/protected-object-breadcrumbs.jsx,-,,,-,,,,
ui/src/app/components/defender/consoles/protected-object-console/protected-object-console-page.jsx,,Box,,,Grid,,,
,,,,,VerticalSplit (now VerticalSplitIcon),,,
ui/src/app/components/defender/consoles/protected-objects-list/edit-thresholds-modal/classification-settings.tsx,-,,,-,,,,
ui/src/app/components/defender/consoles/protected-objects-list/edit-thresholds-modal/po-details.tsx,-,,,-,,,,
ui/src/app/components/defender/consoles/protected-objects-list/edit-thresholds-modal/po-thresholds-onboarding-card.tsx,-,,,-,,,,
ui/src/app/components/defender/consoles/protected-objects-list/edit-thresholds-modal/thresholds-table-rows.spec.tsx,-,,,-,,,,
ui/src/app/components/defender/consoles/protected-objects-list/edit-thresholds-modal/thresholds-table-rows.tsx,-,,,-,,,,
ui/src/app/components/defender/consoles/protected-objects-list/list-search/list-search.jsx,-,,,-,,,,
ui/src/app/components/defender/consoles/protected-objects-list/list-table/list-table-cells/name-cell/icon.jsx,-,,,-,,,,
ui/src/app/components/defender/consoles/protected-objects-list/list-table/list-table-cells/name-cell/name-cell.jsx,,Box,,,,,,
ui/src/app/components/defender/consoles/protected-objects-list/list-table/list-table-cells/matches-cell.jsx,,Box,,,,,,
ui/src/app/components/defender/consoles/protected-objects-list/list-table/list-table.jsx,-,,,-,,,,
ui/src/app/components/defender/consoles/protected-objects-list/list-table/list-table-helpers.jsx,,Box,,,,,Use theme.palette.grey[xxx],
,,theme (now grey),,,,,,
ui/src/app/components/defender/consoles/protected-objects-list/list-table/table-constants.mjs,-,,,-,,,,
ui/src/app/components/defender/consoles/protected-objects-list/protected-objects-list-page.jsx,,Typography,,,Grid,,,
ui/src/app/components/defender/consoles/shared/event-status/event-status.tsx,,SvgIcon,,,,,,
ui/src/app/components/defender/consoles/shared/events-table/events-filter/events-filter.tsx,,Box,,,withStyles,,,
,,ClickAwayListener,,,,,,
,,Paper,,,,,,
,,Popover (now Popper),,,,,,
,,Typography,,,,,,
ui/src/app/components/defender/consoles/shared/events-table/events-filter/filter-prefix.tsx,,Box,,,,,,
ui/src/app/components/defender/consoles/shared/events-table/events-filter/filter-type.tsx,,Box,,,,,,
ui/src/app/components/defender/consoles/shared/events-table/events-filter/footer-actions.tsx,,Box,,,,,,
ui/src/app/components/defender/consoles/shared/events-table/events-filter/tooltip-description.tsx,,,,,withStyles,,,
ui/src/app/components/defender/consoles/shared/events-table/mitigations-cell/mitigation-details.tsx,,Box,,,,,,
ui/src/app/components/defender/consoles/shared/events-table/mitigations-cell/mitigation-links.tsx,-,,,-,,,,
ui/src/app/components/defender/consoles/shared/events-table/mitigations-cell/status-icon.spec.jsx,,theme (now red),,,,,Use theme.palette.error[xxx],
ui/src/app/components/defender/consoles/shared/events-table/mitigations-cell/status-icon.tsx,,Box,,,VerifiedUserOutlined (now VerifiedUserOutlinedIcon),,,
,,,,,withStyles,,,
ui/src/app/components/defender/consoles/shared/events-table/event-status-cell.jsx,,,,,Grid,,,
ui/src/app/components/defender/consoles/shared/events-table/event-status-cell-styled.tsx,,,,,Grid,,,
,,,,,withStyles,,,
ui/src/app/components/defender/consoles/shared/events-table/helpers.mjs,,,,,createTheme,,,
,,,,,withStyles,,,
ui/src/app/components/defender/consoles/shared/events-table/protected-object-cell.jsx,-,,,-,,,,
ui/src/app/components/defender/consoles/shared/events-table/use-events-table-headers.tsx,,Box,,,,,,
,,Tooltip,,,,,,
ui/src/app/components/defender/consoles/shared/segmented-counter/count-item.jsx,,Box,,,,,,
,,Typography,,,,,,
ui/src/app/components/defender/consoles/shared/segmented-counter/counts-container.jsx,,Box,,,,,,
ui/src/app/components/defender/consoles/shared/chart-placeholder.jsx,,Button,,,,,,
ui/src/app/components/defender/consoles/shared/charts-container.jsx,,,,,Grid,,,
ui/src/app/components/defender/consoles/shared/console-cube-visualization.jsx,,theme (now blue & red),,,deepPurple,,Use theme.palette.info[xxx] for blue & theme.palette.error[xxx] for red,
,,,,,pink,,,
,,,,,teal,,,
ui/src/app/components/defender/consoles/shared/defender-console-theme.jsx,-,,,-,,,,
ui/src/app/components/defender/consoles/shared/direction-type-control.jsx,,Box,,,ToggleButtonGroup,,,
ui/src/app/components/defender/consoles/shared/distribution-chart.jsx,,,,,makeStyles,,,
ui/src/app/components/defender/consoles/shared/events-distribution-chart.jsx,-,,,-,,,,
ui/src/app/components/defender/consoles/shared/gray-bg-toggle.jsx,,,,,ToggleButton,,,
,,,,,withStyles,,,
ui/src/app/components/defender/consoles/shared/query-type-control.jsx,,,,,ToggleButtonGroup,,,
ui/src/app/components/defender/consoles/shared/query-type-visualization-display.jsx,,,,,BarChart (now BarChartIcon),,,
,,,,,DonutLarge (now DonutIcon),,,
,,,,,ToggleButton,,,
,,,,,ToggleButtonGroup,,,
,,,,,withStyles,,,
ui/src/app/components/defender/consoles/shared/query-types.jsx,,,,,DonutLarge,,,
,,,,,ShowChart,,,
ui/src/app/components/defender/consoles/shared/select-charts-control.jsx,,CheckboxField (now Checkbox),,,ArrowDropDown (now ArrowDropDownIcon),,,
,,Popover,,,List,,,
,,,,,ListItem,,,
,,,,,ListItemIcon,,,
,,,,,ListItemText,,,
,,,,,withStyles,,,
ui/src/app/components/defender/consoles/shared/traffic-handling-control.jsx,-,,,-,,,,
ui/src/app/components/defender/consoles/shared/traffic-type-control.jsx,-,,,-,,,,
ui/src/app/components/defender/consoles/shared/traffic-type-toggle.jsx,,,,,makeStyles,,,
,,,,,ToggleButton,,,
,,,,,ToggleButtonGroup,,,
ui/src/app/components/defender/events-summary/cards/building-blocks/pie-chart.tsx,,Box,,,deepPurple,,Use theme.palette.info[xxx] for blue & theme.palette.error[xxx] for red,
,,theme (now blue & red),,,pink,,,
,,,,,teal,,,
ui/src/app/components/defender/events-summary/cards/finished-events-card.tsx,-,,,-,,,,
ui/src/app/components/defender/events-summary/cards/graph-card.tsx,-,,,-,,,,
ui/src/app/components/defender/events-summary/cards/protected-object-card.tsx,,,,,Grid,,,
ui/src/app/components/defender/events-summary/cards/table-card.spec.tsx,-,,,-,,,,
ui/src/app/components/defender/events-summary/cards/table-card.tsx,,,,,makeStyles,,,
ui/src/app/components/defender/events-summary/header/header.tsx,-,,,-,,,,
ui/src/app/components/defender/events-summary/header/more-actions.spec.tsx,-,,,-,,,,
ui/src/app/components/defender/events-summary/header/more-actions.tsx,-,,,-,,,,
ui/src/app/components/defender/events-summary/header/protected-objects-filter.tsx,-,,,-,,,,
ui/src/app/components/defender/events-summary/helpers.tsx,-,,,-,,,,
ui/src/app/components/defender/events-summary/page.spec.tsx,-,,,-,,,,
ui/src/app/components/defender/events-summary/page.tsx,,,,,Grid,,,
ui/src/app/components/defender/events-summary/page-context-provider.tsx,-,,,-,,,,
ui/src/app/components/defender/mitigations/countermeasure-options/allow-block-lists/cidr-text-input.tsx,-,,,-,,,,
ui/src/app/components/defender/mitigations/countermeasure-options/allow-block-lists/dialog.tsx,,Typography,,,,,,
ui/src/app/components/defender/mitigations/countermeasure-options/anti-botnet/dialog.tsx,-,,,-,,,,
ui/src/app/components/defender/mitigations/countermeasure-options/dns-server-protection/expression-match/table.tsx,-,,,-,,,,
ui/src/app/components/defender/mitigations/countermeasure-options/dns-server-protection/dialog.tsx,-,,,-,,,,
ui/src/app/components/defender/mitigations/countermeasure-options/dns-server-protection/dns-lists-select.tsx,-,,,-,,,,
ui/src/app/components/defender/mitigations/countermeasure-options/expression-match-table/table.tsx,,,,,makeStyles,,,
ui/src/app/components/defender/mitigations/countermeasure-options/expression-match-table/types.ts,-,,,-,,,,
ui/src/app/components/defender/mitigations/countermeasure-options/expression-match-table/use-expression-match-table.ts,-,,,-,,,,
ui/src/app/components/defender/mitigations/countermeasure-options/http-server-protection/dialog.tsx,-,,,-,,,,
ui/src/app/components/defender/mitigations/countermeasure-options/icmp-flood-defense/dialog.tsx,-,,,-,,,,
ui/src/app/components/defender/mitigations/countermeasure-options/ip-location/dialog.tsx,-,,,-,,,,
ui/src/app/components/defender/mitigations/countermeasure-options/limits/limit-fields.tsx,,,,,InputAdornment,,,
ui/src/app/components/defender/mitigations/countermeasure-options/pre-and-post-filter-lists/rules-table.tsx,-,,,-,,,,
ui/src/app/components/defender/mitigations/countermeasure-options/tcp-server-protection/dialog.tsx,-,,,-,,,,
ui/src/app/components/defender/mitigations/countermeasure-options/tls-server-protection/dialog.tsx,-,,,-,,,,
ui/src/app/components/defender/mitigations/countermeasure-options/dialog.tsx,,Dialog.Body (now DialogContent),,,,,"Maybe Paper import is not needed here, since @webb-uis Dialog component consists from @muis Dialog components and Paper.
Also, I believe the component can be refactored to use only @webb-uis composition Dialog components.",
,,Dialog.BodyProps (now MuiDialogContentProps),,,,,,
,,Dialog.Footer (now DialogActions),,,,,,
,,Dialog.Header (now MuiDialogTitle),,,,,,
,,Dialog.Root (now MuiDialog),,,,,,
,,Dialog.RootProps (now MuiDialogProps),,,,,,
,,Paper,,,,,,
ui/src/app/components/defender/mitigations/countermeasure-options/edit-settings-button.tsx,-,,,-,,,,
ui/src/app/components/defender/mitigations/description-lists/description/description-value.tsx,,Typography,,,,,,
ui/src/app/components/defender/mitigations/description-lists/description/term.jsx,,Box,,,,,,
,,Typography,,,,,,
ui/src/app/components/defender/mitigations/description-lists/description-list.tsx,,Box,,,,,,
ui/src/app/components/defender/mitigations/description-lists/description-lists.jsx,,Box,,,,,,
,,Typography,,,,,,
ui/src/app/components/defender/mitigations/mitigation/defender-mitigation-page/mitigation-breadcrumbs.tsx,-,,,-,,,,
ui/src/app/components/defender/mitigations/mitigation/defender-mitigation-page/mitigation-details-list.tsx,,Box,,,,,,
ui/src/app/components/defender/mitigations/mitigation/defender-mitigation-page/mitigation-status.tsx,-,,,-,,,,
ui/src/app/components/defender/mitigations/mitigation/defender-mitigation-page/mitigation-status-icon.spec.jsx,-,,,-,,,,
ui/src/app/components/defender/mitigations/mitigation/defender-mitigation-page/mitigation-status-icon.tsx,,PauseCircleIcon (now PauseIcon),,,VerifiedUserOutlined (now FinishIcon),,,
ui/src/app/components/defender/mitigations/mitigation/defender-mitigation-page/options-menu.tsx,,,,,VerifiedUserOutlined (now FinishIcon),,,
ui/src/app/components/defender/mitigations/mitigation/defender-mitigation-page/styled.tsx,,,,,Grid,,,
,,,,,withStyles,,,
ui/src/app/components/defender/mitigations/mitigation/diversion/a10-radware/device-form/input-fields/description-input.jsx,-,,,-,,,,
ui/src/app/components/defender/mitigations/mitigation/diversion/a10-radware/device-form/input-fields/device-ip-input.jsx,-,,,-,,,,
ui/src/app/components/defender/mitigations/mitigation/diversion/a10-radware/device-form/input-fields/name-input.jsx,-,,,-,,,,
ui/src/app/components/defender/mitigations/mitigation/diversion/a10-radware/device-form/input-fields/password-input.jsx,-,,,-,,,,
ui/src/app/components/defender/mitigations/mitigation/diversion/a10-radware/device-form/input-fields/port-input.jsx,-,,,-,,,,
ui/src/app/components/defender/mitigations/mitigation/diversion/a10-radware/device-form/input-fields/template-zone-name-input.jsx,-,,,-,,,,
ui/src/app/components/defender/mitigations/mitigation/diversion/a10-radware/device-form/input-fields/username-input.jsx,-,,,-,,,,
ui/src/app/components/defender/mitigations/mitigation/diversion/a10-radware/device-form/device-form.jsx,,Typography,,,Grid,,,
ui/src/app/components/defender/mitigations/mitigation/diversion/a10-radware/device-form/device-form-modal.jsx,,Dialog.Body (now DialogContent),,,,,,
,,Dialog.Footer (now DialogActions),,,,,,
,,Dialog.Root (now Dialog),,,,,,
ui/src/app/components/defender/mitigations/mitigation/diversion/a10-radware/a10-radware-table.jsx,,Box,,,,,,
,,Typography,,,,,,
ui/src/app/components/defender/mitigations/mitigation/diversion/a10-radware/add-device-button.jsx,,AddIcon (now Add),,,,,,
ui/src/app/components/defender/mitigations/mitigation/diversion/a10-radware/delete-confirmation-modal.jsx,-,,,-,,,,
ui/src/app/components/defender/mitigations/mitigation/diversion/diversion-connectors/form/diversion-connectors-form.jsx,,Dialog.Body (now DialogContent),,,,,,
,,Dialog.Footer (now DialogActions),,,,,,
,,DropdownMenu.Item (now MenuItem),,,,,,
ui/src/app/components/defender/mitigations/mitigation/diversion/diversion-connectors/form/diversion-connectors-modal.jsx,-,,,-,,,,
ui/src/app/components/defender/mitigations/mitigation/diversion/diversion-connectors/form/test-result.jsx,,CheckCircleLtrIcon (now CheckCircleOutlineIcon),,,Grid,,,"Import of Grid component is commented out, so probably its not needed here."
,,ErrorIcon,,,,,,Use theme.palette.error[xxx] for red & theme.palette.success[xxx] for green
,,theme (now green & red),,,,,,
,,Typography,,,,,,
ui/src/app/components/defender/mitigations/mitigation/diversion/diversion-connectors/form/toggled-password-field.jsx,,CheckboxField (now FormControlLabel & Checkbox),,,,,,
ui/src/app/components/defender/mitigations/mitigation/diversion/diversion-connectors/diversion-connectors-page.jsx,,,,,Grid,,,
ui/src/app/components/defender/mitigations/mitigation/diversion/diversion-connectors/diversion-connectors-table.jsx,,AddIcon (now Add),,,,,,
,,Box,,,,,,
ui/src/app/components/defender/mitigations/mitigation/diversion/diversion-connectors/diversion-connectors-table-helpers.jsx,,Box,,,,,,
,,Typography,,,,,,
ui/src/app/components/defender/mitigations/mitigation/diversion/shared/row-icons.jsx,,DeleteIcon,,,,,,
,,EditIcon,,,,,,
ui/src/app/components/defender/mitigations/mitigation/mitigation-traffic/mitigation-traffic-dropdown-control.jsx,-,,,-,,,,
ui/src/app/components/defender/mitigations/mitigation/mitigation-traffic/mitigation-traffic-empty-state.jsx,-,,,-,,,,
ui/src/app/components/defender/mitigations/mitigation/mitigation-traffic/mitigation-traffic-options.jsx,,Box,,,,,,
ui/src/app/components/defender/mitigations/mitigation/mitigation-traffic/mitigation-traffic-summary-table.jsx,,Typography,,,,,Imports of Typography and Table components (style-guide) are commented out and the component returns an empty Fragment at the moment. We should check if CUI-7446 is still valid and the replacement is needed.,
ui/src/app/components/defender/mitigations/mitigation/mitigation-traffic/mitigation-traffic-timegraph.jsx,-,,,-,,,,
ui/src/app/components/defender/mitigations/mitigation/network-firewall/filter-tables/header-filtering/column-header-filter-icon.jsx,,,,,makeStyles,,,
ui/src/app/components/defender/mitigations/mitigation/network-firewall/filter-tables/header-filtering/list-of-filter-options.jsx,,Box,,,,,,
,,CheckboxField (now FormControlLabel & Checkbox),,,,,,
ui/src/app/components/defender/mitigations/mitigation/network-firewall/filter-tables/header-filtering/simple-filter-menu.jsx,,Box,,,List,,,
,,Popover (now ClickAwayListener & Popover),,,makeStyles,,,
,,,,,withStyles,,,
ui/src/app/components/defender/mitigations/mitigation/network-firewall/filter-tables/character-separated-list.jsx,,,,,Grid,,,
ui/src/app/components/defender/mitigations/mitigation/network-firewall/filter-tables/cidr-details-button.jsx,,Box,,,,,,
,,Link,,,,,,
ui/src/app/components/defender/mitigations/mitigation/network-firewall/filter-tables/filter-table.jsx,,,,,makeStyles,,,
,,,,,withStyles,,,
ui/src/app/components/defender/mitigations/mitigation/network-firewall/filter-tables/filter-table-row-formatter.jsx,,Box,,,,,Use theme.palette.grey[xxx],
,,theme (now grey),,,,,,
ui/src/app/components/defender/mitigations/mitigation/network-firewall/filter-tables/match-criteria.jsx,,Box,,,,,,
ui/src/app/components/defender/mitigations/mitigation/network-firewall/filter-tables/match-criteria-attribute.tsx,,Box,,,,,,
ui/src/app/components/defender/mitigations/mitigation/network-firewall/filter-tables/match-criteria-popup.tsx,,FileCopyIcon (now CopyIcon),,,,,,
ui/src/app/components/defender/mitigations/mitigation/network-firewall/filter-tables/match-label.jsx,,Box,,,,,,
ui/src/app/components/defender/mitigations/mitigation/network-firewall/filter-tables/network-edge-filters-title.jsx,,,,,makeStyles,,,
,,,,,SubdirectoryArrowLeft (now SubdirectoryArrowLeftIcon),,,
,,,,,withStyles,,,
ui/src/app/components/defender/mitigations/mitigation/network-firewall/filter-tables/network-filter-icons.jsx,,SwitchField (now Switch),,,,,,
ui/src/app/components/defender/mitigations/mitigation/network-firewall/filter-tables/overflow-menu.jsx,,Box,,,List,,,
,,DownloadIcon,,,ListItem,,,
,,MoreVerticalIcon (now MoreIcon),,,ListItemIcon,,,
,,Popover,,,ListItemText,,,
,,TimelineIcon (now ChartIcon),,,withStyles,,,
ui/src/app/components/defender/mitigations/mitigation/network-firewall/filter-tables/status.jsx,,CheckCircleLtrIcon (now CheckCircleIcon),,,Autorenew,,,
,,ErrorIcon,,,Grid,,,
,,RemoveCircleIcon (now RemoveCircle),,,makeStyles,,,
,,,,,withStyles,,,
ui/src/app/components/defender/mitigations/mitigation/network-firewall/network-edge-filters.jsx,,theme (now grey),,,Grid,,Use theme.palette.grey[xxx],
ui/src/app/components/defender/mitigations/mitigation/shared/mitigation-filter-details/filter-details-control.jsx,,,,,TableChartOutlined,,,
ui/src/app/components/defender/mitigations/mitigation/shared/mitigation-filter-details/filter-details-modal.jsx,,Dialog.Body (now DialogContent),,,Slide,,,
,,Dialog.Root (now Dialog),,,withStyles,,,
ui/src/app/components/defender/mitigations/mitigation/shared/constants.mjs,,theme (now red),,,,,Use theme.palette.error[xxx],
ui/src/app/components/defender/mitigations/mitigation/shared/filter-entries-tooltip.spec.jsx,-,,,-,,,,
ui/src/app/components/defender/mitigations/mitigation/shared/filter-entries-tooltip.tsx,,,,,Grid,,,
ui/src/app/components/defender/mitigations/mitigation/shared/filter-entries-value.spec.jsx,-,,,-,,,,
ui/src/app/components/defender/mitigations/mitigation/shared/filter-entries-value.tsx,-,,,-,,,,
ui/src/app/components/defender/mitigations/mitigation/shared/source-icons.jsx,,,,,AccountCircle (now AccountCircleIcon),,,
ui/src/app/components/defender/mitigations/mitigation/defender-mitigation-page.jsx,,Box,,,Grid,,,
,,,,,VerticalSplit (now VerticalSplit),,,
ui/src/app/components/defender/mitigations/mitigation/inverted-button.jsx,-,,,-,,,,
ui/src/app/components/defender/mitigations/mitigation/mitigation-details-refresh-button.tsx,-,,,-,,,,
ui/src/app/components/defender/mitigations/mitigation-details/countermeasures/table/cells/filter-entries.spec.jsx,-,,,-,,,,
ui/src/app/components/defender/mitigations/mitigation-details/countermeasures/table/cells/filter-entries.tsx,,ButtonProps,,,Autorenew,,Type WithStylesOptions is deprecated and it seems that the only equivalent is WithStyles type. Maybe some adjustments will be needed on the code.,
,,ErrorIcon,,,makeStyles,,,
,,theme (now red & Theme),,,withStyles,,,
,,,,,WithStyles (now WithStylesOptions),,,
ui/src/app/components/defender/mitigations/mitigation-details/countermeasures/table/format-row.tsx,-,,,-,,,,
ui/src/app/components/defender/mitigations/mitigation-details/countermeasures/table/table.tsx,-,,,-,,,,
ui/src/app/components/defender/mitigations/mitigation-details/countermeasures/table/use-countermeasures-table-header.tsx,-,,,-,,,,
ui/src/app/components/defender/mitigations/mitigation-details/countermeasures/acl-filter-info.tsx,,CheckCircleLtrIcon (now CheckCircleIcon),,,Autorenew,,,"Use theme.palette.grey[xxx] for grey, theme.palette.error[xxx] for red & theme.palette.success[xxx] for green"
,,ErrorIcon,,,,,,
,,"* theme (now green, grey & red)",,,,,,
ui/src/app/components/defender/mitigations/mitigation-details/countermeasures/footer.tsx,-,,,-,,,,
ui/src/app/components/defender/mitigations/mitigation-details/countermeasures/mitigation-countermeasures.spec.jsx,-,,,-,,,,
ui/src/app/components/defender/mitigations/mitigation-details/countermeasures/mitigation-countermeasures.tsx,,Box,,,withStyles,,,
,,ErrorIcon,,,,,,
,,Paper,,,,,,
ui/src/app/components/defender/mitigations/mitigation-details/filter-rules/filter-rules.tsx,,,,,makeStyles,,,
ui/src/app/components/defender/mitigations/mitigation-details/filter-rules/read-mode-table-row-content.tsx,,Box,,,,,,
ui/src/app/components/defender/mitigations/mitigation-details/inline-edit-fields/cidrs/edit-mode.tsx,,Box,,,,,,
ui/src/app/components/defender/mitigations/mitigation-details/inline-edit-fields/edit-button.tsx,,EditIcon,,,withStyles,,,
ui/src/app/components/defender/mitigations/mitigation-details/inline-edit-fields/read-mode.tsx,,Box,,,,,,
ui/src/app/components/defender/mitigations/mitigation-details/mitigation-all-details-content.jsx,,Box,,,,,,
ui/src/app/components/defender/mitigations/mitigation-details/mitigation-details-drawer.tsx,,Dialog.Body (now DialogContent & DialogContentText),,,,,,
ui/src/app/components/defender/mitigations/mitigation-details/mitigation-target-connector-config-details.jsx,-,,,-,,,,
ui/src/app/components/defender/mitigations/mitigation-dropdown-menu/mitigation-dropdown-menu.jsx,-,,,-,,,,
ui/src/app/components/defender/mitigations/mitigation-formatters/mitigation-type-cell.tsx,,Box,,,,,,
ui/src/app/components/defender/mitigations/mitigation-formatters/mitigation-utility-link.jsx,,OpenInNewIcon (now MUIOpenInNewIcon),,,,,Use theme.palette.grey[xxx],
,,theme (now grey),,,,,,
ui/src/app/components/defender/mitigations/mitigation-resources/network-firewall/details/device-status-details-drawer.jsx,,Drawer,,,,,,
,,Typography,,,,,,
ui/src/app/components/defender/mitigations/mitigation-resources/network-firewall/details/device-status-details-table.jsx,-,,,-,,,,
ui/src/app/components/defender/mitigations/mitigation-resources/network-firewall/details/device-status-details-table-helpers.jsx,-,,,-,,,,
ui/src/app/components/defender/mitigations/mitigation-resources/network-firewall/details/mitigation-status-details-drawer.jsx,,Drawer,,,,,,
,,Typography,,,,,,
ui/src/app/components/defender/mitigations/mitigation-resources/network-firewall/details/mitigation-status-details-table.jsx,-,,,-,,,,
ui/src/app/components/defender/mitigations/mitigation-resources/network-firewall/summary/network-firewall-summary-table.jsx,-,,,-,,,,
ui/src/app/components/defender/mitigations/mitigation-resources/shared/constants.mjs,,theme (now grey),,,,,Use theme.palette.grey[xxx],
ui/src/app/components/defender/mitigations/mitigation-resources/shared/details-drawer-opener-button.jsx,,,,,ArrowForward (now ArrowForwardIcon),,,
ui/src/app/components/defender/mitigations/mitigation-resources/shared/device-status.jsx,,SvgIcon,,,,,,
ui/src/app/components/defender/mitigations/mitigation-resources/shared/mitigation-status.jsx,,SvgIcon,,,,,,
ui/src/app/components/defender/mitigations/mitigation-resources/shared/mitigation-status.jsx,,SvgIcon,,,,,,
ui/src/app/components/defender/mitigations/mitigation-resources/shared/status-icon.jsx,,CheckCircleLtrIcon (now CheckCircleIcon),,,,,,
,,ErrorIcon,,,,,,
ui/src/app/components/defender/mitigations/mitigation-resources/mitigation-resources-page.jsx,,,,,Grid,,,
ui/src/app/components/defender/mitigations/mitigation-templates/bgp/bgp-form.spec.jsx,-,,,-,,,,
ui/src/app/components/defender/mitigations/mitigation-templates/bgp/mssp-bpg-form.spec.tsx,-,,,-,,,,
ui/src/app/components/defender/mitigations/mitigation-templates/flowspec/flowspec-form.spec.jsx,-,,,-,,,,
ui/src/app/components/defender/mitigations/mitigation-templates/flowspec/mssp-flowspec-form.spec.tsx,-,,,-,,,,
ui/src/app/components/defender/mitigations/mitigation-templates/form-sections/allow-block-lists/cidr-list-input-display.jsx,,AddCircleIcon (now AddCircleOutline),,,InputAdornment,,,
,,IconButton,,,,,,
ui/src/app/components/defender/mitigations/mitigation-templates/form-sections/announcement-settings/bgp-next-hop-input.jsx,,FormLabel,,,,,,
ui/src/app/components/defender/mitigations/mitigation-templates/form-sections/announcement-settings/upstream-or-cloud.jsx,,CheckboxField (now FormControlLabel & Checkbox),,,,,,
ui/src/app/components/defender/mitigations/mitigation-templates/form-sections/announcement-settings/well-known-communities.jsx,,Box,,,,,,
,,CheckboxField (now FormControlLabel & Checkbox),,,,,,
,,FormLabel,,,,,,
ui/src/app/components/defender/mitigations/mitigation-templates/form-sections/countermeasures/countermeasures.tsx,-,,,-,,,,
ui/src/app/components/defender/mitigations/mitigation-templates/form-sections/countermeasures/countermeasures-list-item.tsx,,theme (now grey),,,,,Use theme.palette.grey[xxx],
,,Typography,,,,,,
ui/src/app/components/defender/mitigations/mitigation-templates/form-sections/countermeasures/title-section.tsx,,CheckboxField (now FormControlLabel & Checkbox),,,,,,
,,CheckboxFieldProps (now MUICheckboxProps),,,,,,
,,FormLabel,,,,,,
ui/src/app/components/defender/mitigations/mitigation-templates/form-sections/dms-mitigation-target/dms-mitigation-target.jsx,,Typography,,,,,,
ui/src/app/components/defender/mitigations/mitigation-templates/form-sections/dms-mitigation-target/overwrite-offramp-settings-warning-dialog.jsx,-,,,-,,,,
ui/src/app/components/defender/mitigations/mitigation-templates/form-sections/filter-rules/action-type-bgp-next-hop-input.jsx,-,,,-,,,,
ui/src/app/components/defender/mitigations/mitigation-templates/form-sections/filter-rules/action-type-dscp-input.jsx,-,,,-,,,,
ui/src/app/components/defender/mitigations/mitigation-templates/form-sections/filter-rules/action-type-rate-limit-select.js,,DropdownMenu.Item (now MenuItem),,,,,,
,,TextField,,,,,,
ui/src/app/components/defender/mitigations/mitigation-templates/form-sections/filter-rules/action-type-redirect-vrf-route-target.jsx,-,,,-,,,,
ui/src/app/components/defender/mitigations/mitigation-templates/form-sections/filter-rules/action-type-select.jsx,,DropdownMenu.Item (now MenuItem),,,,,,
,,TextField,,,,,,
ui/src/app/components/defender/mitigations/mitigation-templates/form-sections/filter-rules/destination-port-input.jsx,-,,,-,,,,
ui/src/app/components/defender/mitigations/mitigation-templates/form-sections/filter-rules/dscp-input.jsx,-,,,-,,,,
ui/src/app/components/defender/mitigations/mitigation-templates/form-sections/filter-rules/fragment-input.jsx,-,,,-,,,,
ui/src/app/components/defender/mitigations/mitigation-templates/form-sections/filter-rules/icmp-code-input.jsx,-,,,-,,,,
ui/src/app/components/defender/mitigations/mitigation-templates/form-sections/filter-rules/icmp-type-input.jsx,-,,,-,,,,
ui/src/app/components/defender/mitigations/mitigation-templates/form-sections/filter-rules/packet-length-input.jsx,-,,,-,,,,
ui/src/app/components/defender/mitigations/mitigation-templates/form-sections/filter-rules/port-agnostic-input.jsx,-,,,-,,,,
ui/src/app/components/defender/mitigations/mitigation-templates/form-sections/filter-rules/protocols-input.jsx,-,,,-,,,,
ui/src/app/components/defender/mitigations/mitigation-templates/form-sections/filter-rules/source-port-input.jsx,-,,,-,,,,
ui/src/app/components/defender/mitigations/mitigation-templates/form-sections/filter-rules/tcp-flags.jsx,,CheckboxField (now FormControlLabel & Checkbox),,,,,,
ui/src/app/components/defender/mitigations/mitigation-templates/form-sections/general-settings/dimension-auto-suggest.jsx,-,,,-,,,,
ui/src/app/components/defender/mitigations/mitigation-templates/form-sections/general-settings/event-id-auto-suggest.jsx,-,,,-,,,,
ui/src/app/components/defender/mitigations/mitigation-templates/form-sections/general-settings/mitigation-description-input.jsx,-,,,-,,,,
ui/src/app/components/defender/mitigations/mitigation-templates/form-sections/general-settings/mitigation-name-input.jsx,-,,,-,,,,
ui/src/app/components/defender/mitigations/mitigation-templates/form-sections/general-settings/mitigation-template-auto-suggest.jsx,-,,,-,,,,
ui/src/app/components/defender/mitigations/mitigation-templates/form-sections/general-settings/mitigation-template-confirmation-modal.jsx,-,,,-,,,,
ui/src/app/components/defender/mitigations/mitigation-templates/form-sections/general-settings/position-select.jsx,-,,,-,,,,
ui/src/app/components/defender/mitigations/mitigation-templates/form-sections/mitigation-target/arbor-mitigation-template-select.jsx,,DropdownMenu.Item (now MenuItem),,,,,,
,,TextField (now ValidatedTextField),,,,,,
ui/src/app/components/defender/mitigations/mitigation-templates/form-sections/mitigation-target/devices-and-groups.spec.jsx,-,,,-,,,,
ui/src/app/components/defender/mitigations/mitigation-templates/form-sections/mitigation-target/interface-sets-display.spec.jsx,-,,,-,,,,
ui/src/app/components/defender/mitigations/mitigation-templates/form-sections/mitigation-target/mitigation-system-select.jsx,,DropdownMenu.Item (now MenuItem),,,,,,
,,TextField (now ValidatedTextField),,,,,,
ui/src/app/components/defender/mitigations/mitigation-templates/form-sections/mitigation-target/shared-dialog.jsx,-,,,-,,,,
ui/src/app/components/defender/mitigations/mitigation-templates/form-sections/mitigation-target/shared-display.jsx,,AddIcon,,,DeleteOutline,,,
,,IconButton,,,makeStyles,,,
ui/src/app/components/defender/mitigations/mitigation-templates/form-sections/mitigation-target/shared-display-list-view.jsx,,Box,,,ListItem (now MUIListItem),,,
,,,,,withStyles,,,
ui/src/app/components/defender/mitigations/mitigation-templates/form-sections/mitigation-target/shared-display-table-view.jsx,-,,,-,,,,
ui/src/app/components/defender/mitigations/mitigation-templates/form-sections/mitigation-target/shared-display-title.tsx,,FormLabel,,,,,,
ui/src/app/components/defender/mitigations/mitigation-templates/form-sections/mitigation-target/target-select.jsx,,DropdownMenu.Item (now MenuItem),,,CircularProgress,,,
,,TextField,,,,,,
ui/src/app/components/defender/mitigations/mitigation-templates/form-sections/offramp-settings/offramp-sessions-and-groups.jsx,,Box,,,,,,
ui/src/app/components/defender/mitigations/mitigation-templates/form-sections/protect/add-protected-object-cidrs-button.tsx,,theme (now grey),,,ArrowForward,,Use theme.palette.grey[xxx],
,,,,,ListItem,,,
,,,,,ListItemIcon,,,
,,,,,ListItemText,,,
,,,,,withStyles,,,
ui/src/app/components/defender/mitigations/mitigation-templates/form-sections/protect/cidrs-to-protect-table.jsx,,IconButton,,,DeleteOutline,,,
ui/src/app/components/defender/mitigations/mitigation-templates/form-sections/protect/cidrs-to-protect-table.spec.jsx,-,,,-,,,,
ui/src/app/components/defender/mitigations/mitigation-templates/form-sections/protect/cidrs-type.jsx,,DropdownMenu.Item (now MenuItem),,,withStyles,,,
,,TextField,,,,,,
,,Typography,,,,,,
ui/src/app/components/defender/mitigations/mitigation-templates/form-sections/protect/delete-all-confirmation-modal.tsx,-,,,-,,,,
ui/src/app/components/defender/mitigations/mitigation-templates/form-sections/protect/paired-cidrs-inputs.tsx,,AddCircleIcon (now AddCircleOutline),,,,,,
,,Box,,,,,,
ui/src/app/components/defender/mitigations/mitigation-templates/form-sections/protect/protect-utils.tsx,,IconButton,,,,,,
ui/src/app/components/defender/mitigations/mitigation-templates/form-sections/protect/single-cidr-input.tsx,,AddCircleIcon (now AddCircleOutline),,,InputAdornment,,,
ui/src/app/components/defender/mitigations/mitigation-templates/form-sections/protect/use-host-prefixes.jsx,,CheckboxField (now FormControlLabel & Checkbox),,,,,,
ui/src/app/components/defender/mitigations/mitigation-templates/form-sections/protect/use-less-specific-prefixes.jsx,,CheckboxField (now FormControlLabel & Checkbox),,,,,,
ui/src/app/components/defender/mitigations/mitigation-templates/form-sections/schedule/schedule.jsx,-,,,-,,,,
ui/src/app/components/defender/mitigations/mitigation-templates/shared/mitigation-form.jsx,,Dialog.Root (now Dialog),,,Slide,,,
ui/src/app/components/defender/mitigations/mitigation-templates/shared/mitigation-form-actions.jsx,,Paper,,,makeStyles,,,
ui/src/app/components/defender/mitigations/mitigation-templates/shared/mitigation-form-confirm-close.jsx,-,,,-,,,,
ui/src/app/components/defender/mitigations/mitigation-templates/shared/mitigation-form-section.jsx,,Box,,,Grid,,,
,,Typography,,,,,,
ui/src/app/components/defender/mitigations/mitigation-templates/shared/mitigation-form-title.jsx,-,,,-,,,,
ui/src/app/components/defender/mitigations/mitigation-templates/shared/simple-mitigation-table.jsx,,IconButton,,,DeleteOutline,,,
ui/src/app/components/defender/mitigations/mitigation-templates/shared/styled-elements.jsx,,Box,,,ErrorOutline (now ErrorOutlineIcon),,Types of BoxProps and FormLabelProps are imported inside JSDoc notes.,
,,BoxProps,,,makeStyles,,,
,,FormLabel,,,,,,
,,FormLabelProps,,,,,,
,,IconButton,,,,,,
,,Typography,,,,,,
,,WarningIcon,,,,,,
ui/src/app/components/defender/mitigations/mitigation-templates/third-party/mssp-third-party-form.spec.tsx,-,,,-,,,,
ui/src/app/components/defender/mitigations/mitigation-templates/third-party/third-party-form.spec.jsx,-,,,-,,,,
ui/src/app/components/defender/mitigations/mitigation-templates/mitigation.spec.utils.jsx,-,,,-,,,,
ui/src/app/components/defender/mitigations/mitigations-list/filters/device-filter.jsx,-,,,-,,,,
ui/src/app/components/defender/mitigations/mitigations-list/filters/device-group-filter.jsx,-,,,-,,,,
ui/src/app/components/defender/mitigations/mitigations-list/filters/has-related-event-filter.jsx,,FormLabel,,,FormControl,,,
,,RadioField (now FormControlLabel & Radio),,,RadioGroup,,,
ui/src/app/components/defender/mitigations/mitigations-list/filters/network-firewall-set-filter.jsx,-,,,-,,,,
ui/src/app/components/defender/mitigations/mitigations-list/filters/policy-filter.jsx,-,,,-,,,,
ui/src/app/components/defender/mitigations/mitigations-list/filters/status-filter.jsx,,FormLabel,,,FormControl,,,
,,RadioField (now FormControlLabel & Radio),,,RadioGroup,,,
ui/src/app/components/defender/mitigations/mitigations-list/filters/type-filter.jsx,,FormLabel,,,FormControl,,,
,,RadioField (now FormControlLabel & Radio),,,RadioGroup,,,
ui/src/app/components/defender/mitigations/mitigations-list/test-utils/render-mitigation-list-page.spec.utils.jsx,-,,,-,,,,
ui/src/app/components/defender/mitigations/mitigations-list/mitigation-actions-cell.jsx,,VisibilityIcon,,,,,,
ui/src/app/components/defender/mitigations/mitigations-list/mitigation-list-page.jsx,,,,,Grid,,,
ui/src/app/components/defender/mitigations/mitigations-list/mitigation-list-sidebar.jsx,,Typography,,,,,,
ui/src/app/components/defender/mitigations/mitigations-list/mitigation-table.jsx,,Box,,,,,,
ui/src/app/components/defender/shared/add-mitigation-dropdown/shared.jsx,-,,,-,,,,
ui/src/app/components/defender/shared/dms-dirty-boundary-selector/boundary-picker.jsx,-,,,-,,,,
ui/src/app/components/defender/shared/form-components/auto-compaction-checkbox.jsx,,CheckboxField (now FormControlLabel & Checkbox),,,,,,
ui/src/app/components/defender/shared/form-components/cidr-minimum-v4.jsx,-,,,-,,,,
ui/src/app/components/defender/shared/form-components/cidr-minimum-v6.jsx,-,,,-,,,,
ui/src/app/components/defender/shared/form-components/protocol-select.jsx,-,,,-,,,,
ui/src/app/components/defender/shared/form-components/switchover-threshold.jsx,-,,,-,,,,
ui/src/app/components/defender/shared/form-components/top-dest-cidrs.jsx,-,,,-,,,,
ui/src/app/components/defender/shared/forms/communities-input.jsx,,AddCircleIcon (now AddCircleOutline),,,InputAdornment,,,
,,FormLabel,,,,,,
,,IconButton,,,,,,
ui/src/app/components/defender/shared/forms/redirect-vrf-route-target-input.jsx,,FormLabel,,,,,,
ui/src/app/components/defender/shared/lookup-ip/ip-address-dropdown.jsx,-,,,-,,,,
ui/src/app/components/defender/shared/lookup-ip/lookup-ip.jsx,,Box,,,withStyles,,,
ui/src/app/components/defender/shared/lookup-ip/lookup-ip-dialog.jsx,,Box,,,Grid,,,
,,Dialog.Body (now DialogContent),,,withStyles,,,
,,Dialog.Footer (now DialogActions),,,,,,
,,Dialog.Root (now Dialog),,,,,,
,,Pagination,,,,,,
,,Typography,,,,,,
ui/src/app/components/defender/shared/lookup-ip/lookup-ip-utils.jsx,-,,,-,,,,
ui/src/app/components/defender/shared/lookup-ip/port-chip.jsx,,Box,,,withStyles,,,
ui/src/app/components/defender/shared/message-log/filter-toolbar.tsx,,,,,makeStyles,,,
ui/src/app/components/defender/shared/message-log/message-log.jsx,,Box,,,AccountCircle,,,
,,ErrorIcon (now Error),,,Accordion,,,
,,,,,AccordionDetails,,,
,,,,,AccordionSummary,,,
,,,,,ArrowUpward (now ArrowUpwardIcon),,,
,,,,,ExpandMore (now ExpandMoreIcon),,,
,,,,,makeStyles,,,
,,,,,withStyles,,,
ui/src/app/components/defender/shared/positions-selector/defender-dimension-positions-table.jsx,-,,,-,,,,
ui/src/app/components/defender/shared/positions-selector/defender-dimension-select.jsx,-,,,-,,,,
ui/src/app/components/defender/shared/ace-capable-indicator.tsx,,theme (now grey),,,,,Use theme.palette.grey[xxx],
ui/src/app/components/defender/shared/cell-link.tsx,,theme (now grey),,,makeStyles,,Use theme.palette.grey[xxx],
ui/src/app/components/defender/shared/explorer-button.jsx,,PolicyIcon (now Policy),,,,,,
ui/src/app/components/defender/shared/section-header.jsx,,Typography,,,,,,
ui/src/app/components/defender/shared/styled.tsx,-,,,-,,,,
ui/src/app/components/defender/shared/table-stop-mitigation-button.jsx,,StopIcon,,,CircularProgress,,,
ui/src/app/components/defender/shared/warning-icon-tooltip.jsx,,,,,ErrorOutline,,,
,,,,,withStyles,,,
ui/src/app/components/defender/table-search.jsx,-,,,-,,,,
deployment-settings,,,,,,,,
ui/src/app/components/deployment-settings/ui-settings/custom-announcement.tsx,,,,,Grid,,,
ui/src/app/components/deployment-settings/ui-settings/edit-image-dialog.tsx,,Paper,,,,,,
,,Dialog,,,,,,
,,DialogActions,,,,,,
,,DialogContent,,,,,,
,,Box,,,,,,
,,makeStyles,,,,,,
ui/src/app/components/deployment-settings/ui-settings/edit-logo-section.tsx,,Box,,,,,,
,,makeStyles,,,,,,
ui/src/app/components/deployment-settings/ui-settings/file-dropzone.tsx,,makeStyles,,,,,,
ui/src/app/components/deployment-settings/ui-settings/global-support-link.tsx,,,,,Grid,,,
ui/src/app/components/deployment-settings/ui-settings/image-section.tsx,,makeStyles,,,Grid,,,
ui/src/app/components/deployment-settings/ui-settings/logo-sizes-toggle.tsx,,Box,,,ToggleButtonGroup,,,
,,FormControl,,,ToggleButton,,,
,,Form,,,,,,
ui/src/app/components/deployment-settings/ui-settings/navbar-preview.tsx,,Paper,,,,,,
,,DashboardIcon,,,,,,
,,AssessmentIcon,,,,,,
,,PolicyIcon,,,,,,
,,SettingsApplicationsIcon,,,,,,
,,makeStyles,,,,,,
,,Theme,,,,,,
,,* grey,,,,,,
ui/src/app/components/deployment-settings/ui-settings/reset-all-to-default-button.tsx,,Dialog,,,,,,
,,DialogActions,,,,,,
,,DialogContent,,,,,,
ui/src/app/components/deployment-settings/ui-settings/ui-settings.tsx,,,,,Grid,,,
ui/src/app/components/deployment-settings/deployment-settings-page.tsx,,,,,Grid,,,
ui/src/app/components/deployment-settings/side-menu.tsx,,Box,,,,,,
deployment-setup,,,,,,,,
ui/src/app/components/deployment-setup/form-components/language-auto-suggest.tsx,,,,,,,,
ui/src/app/components/deployment-setup/form-components/timezone-auto-suggest.jsx,,,,,,,,
ui/src/app/components/deployment-setup/deployment-setup-page.jsx,,,,,Grid,,,
ui/src/app/components/deployment-setup/deployment-tag-form.jsx,,,,,,,,
ui/src/app/components/deployment-setup/deployment-tags-list.jsx,,ExpandMoreIcon,,,Accordion,,,
,,Typography,,,AccordionSummary,,,
,,,,,AccordionDetails,,,
ui/src/app/components/deployment-setup/proxy-setup-form.jsx,,,,,,,,
devices,,,,,,,,
ui/src/app/components/devices/devices-overview/flow-record-chart/controls/visualization-settings-button.tsx,,Tune (Icon),,,,,,
ui/src/app/components/devices/devices-overview/flow-record-chart/controls/visualization-settings-menu-form.tsx,,withStyles,,,,,,
,,Theme,,,,,,
,,FormControlLabel,,,,,,
,,FormLabel,,,,,,
,,Radio,,,,,,
,,RadioGroup,,,,,,
ui/src/app/components/devices/devices-overview/flow-record-chart/controls/visualization-settings-menu.tsx,,DialogContent,,,,,,
,,DialogActions,,,,,,
,,makeStyles,,,,,,
,,withStyles,,,,,,
,,Popper,,,,,,
,,Box,,,,,,
ui/src/app/components/devices/devices-overview/flow-record-chart/flow-record-chart-helpers.ts,,,,,,,,
ui/src/app/components/devices/devices-overview/flow-record-chart/flow-record-chart.tsx,,,,,,,,
ui/src/app/components/devices/devices-overview/devices-overview.tsx,,,,,Grid,,,
ui/src/app/components/devices/devices-table/cells/router-status-indicator.tsx,,Box,,,,,,
